"source","term_name","term_id","highlighted","adjusted_p_value","negative_log10_of_adjusted_p_value","term_size","query_size","intersection_size","effective_domain_size","intersections"
"GO:MF","interleukin-1 receptor activity","GO:0004908","true","0.006422201677543643","2.1923160603283685","7","139","3","20212","IL1R1,IL1R2,IL18R1"
"GO:MF","hydrolase activity, acting on glycosyl bonds","GO:0016798","true","0.0244787506253063","1.6112107519832535","135","139","7","20212","BST1,IL1R1,IL18R1,MGAM,KL,HPSE,ACER3"
"GO:MF","pantetheine hydrolase activity","GO:0017159","true","0.0276215390615468","1.5587521263614759","2","139","2","20212","VNN2,VNN1"
"GO:MF","growth factor receptor binding","GO:0070851","true","0.029490085813387613","1.5303239636900978","139","139","7","20212","EGF,IL1R1,PLSCR1,TGFA,TLR5,KL,PDGFC"
"GO:MF","NAD+ nucleosidase activity","GO:0003953","true","0.029670453374995694","1.527675817459548","11","139","3","20212","BST1,IL1R1,IL18R1"
"GO:MF","glucose binding","GO:0005536","true","0.039361411567100026","1.404929335423369","12","139","3","20212","HK3,PYGL,SLC2A3"
"GO:MF","pattern recognition receptor activity","GO:0038187","true","0.0497805337067203","1.3029404515474121","34","139","4","20212","TLR5,TLR8,IFIH1,CLEC4D"
"GO:BP","response to external stimulus","GO:0009605","true","2.1678154402992516e-10","9.663977694768104","2723","133","51","21031","ARG1,BST1,CD63,CCR1,CYP1B1,ACSL1,GCLM,HGF,IFIT2,IFIT1,IFIT3,IL1R1,MDK,OSM,PLSCR1,PROS1,PYGL,RNASE2,ST3GAL4,TLR5,UPP1,OASL,ADAM9,VNN1,PKD2L1,CCRL2,KL,FLOT1,SEMA6B,IFI44,GJB6,HPSE,IFI44L,RAB32,IRAK3,MMRN1,SH3GLB1,TLR8,PLAC8,RAB20,NLRC4,PROK2,RTP4,IFIH1,DDX60L,CARD16,GBP5,LRG1,CMPK2,APOBEC3A,CLEC4D"
"GO:BP","defense response","GO:0006952","false","0.000006818089581586263","5.1663372969567884","1791","133","34","21031","ARG1,BST1,CCR1,HGF,IFIT2,IFIT1,IFIT3,IL1R1,MDK,OSM,PLSCR1,RNASE2,TLR5,IL1R2,OASL,IL18R1,VNN1,CCRL2,FLOT1,IFI44L,IRAK3,TLR8,PLAC8,ACER3,RAB20,NLRC4,PROK2,RTP4,IFIH1,DDX60L,CARD16,GBP5,APOBEC3A,CLEC4D"
"GO:BP","positive regulation of response to stimulus","GO:0048584","false","0.00002162746667417658","4.664994348515591","2274","133","38","21031","ARG1,CD63,CCR1,CYP1B1,EGF,GPR27,GRB10,HGF,HHEX,IL1R1,MDK,OSM,PLSCR1,ST3GAL4,TGFA,TLR5,OASL,TNFSF10,ADAM9,IL18R1,VNN1,KL,FLOT1,TNFSF13B,HPSE,IRAK3,DAAM2,G0S2,TLR8,MAP3K20,PDGFC,NLRC4,IFIH1,CARD16,GBP5,LRG1,CLEC4D,LRRC70"
"GO:BP","regulation of multicellular organismal process","GO:0051239","false","0.00003350943733770498","4.474832864411265","2955","133","44","21031","ARG1,BST1,CCR1,CYP1B1,EGF,SERPINB1,EPAS1,ACSL1,GRB10,HGF,HHEX,IL1R1,MDK,OSM,PLSCR1,SRGN,PROS1,SCN5A,ST3GAL4,TLR5,IL1R2,ADAM9,IL18R1,VNN1,KL,FLOT1,SEMA6B,TNFSF13B,HPSE,IRAK3,MMRN1,DAAM2,CARD10,G0S2,TLR8,PLAC8,PDGFC,NLRC4,PROK2,IFIH1,CARD16,GBP5,LRG1,CLEC4D"
"GO:BP","response to biotic stimulus","GO:0009607","false","0.0000763051441387522","4.11744618293939","1586","133","30","21031","ARG1,DACH1,IFIT2,IFIT1,IFIT3,PLSCR1,PYGL,RNASE2,TLR5,OASL,ADAM9,VNN1,FLOT1,IFI44,GJB6,IFI44L,IRAK3,TLR8,PLAC8,RAB20,NLRC4,RTP4,IFIH1,DDX60L,CARD16,GBP5,LRG1,CMPK2,APOBEC3A,CLEC4D"
"GO:BP","response to virus","GO:0009615","false","0.00007855635924432594","4.104818652470835","406","133","15","21031","IFIT2,IFIT1,IFIT3,PLSCR1,RNASE2,OASL,IFI44,IFI44L,IRAK3,TLR8,RTP4,IFIH1,DDX60L,GBP5,APOBEC3A"
"GO:BP","positive regulation of multicellular organismal process","GO:0051240","false","0.00015357962951407361","3.8136663844107277","1637","133","30","21031","BST1,CCR1,CYP1B1,EGF,EPAS1,ACSL1,GRB10,HGF,IL1R1,MDK,OSM,ST3GAL4,TLR5,IL18R1,VNN1,KL,FLOT1,TNFSF13B,HPSE,IRAK3,G0S2,TLR8,PLAC8,PDGFC,NLRC4,PROK2,IFIH1,GBP5,LRG1,CLEC4D"
"GO:BP","response to cytokine","GO:0034097","false","0.0001578271772895199","3.8018182106918705","932","133","22","21031","ARG1,KLF5,CCR1,CYP1B1,ACSL1,GCLM,IFIT1,IL1R1,OSM,PLSCR1,IL1R2,OASL,ADAM9,IL18R1,CCRL2,TNFSF13B,IRAK3,RAB20,IFIH1,CARD16,GBP5,LRRC70"
"GO:BP","defense response to virus","GO:0051607","false","0.0001643892792861714","3.78412650856406","312","133","13","21031","IFIT2,IFIT1,IFIT3,PLSCR1,RNASE2,OASL,IFI44L,TLR8,RTP4,IFIH1,DDX60L,GBP5,APOBEC3A"
"GO:BP","response to other organism","GO:0051707","false","0.00016579128043765293","3.780438314300778","1548","133","29","21031","ARG1,IFIT2,IFIT1,IFIT3,PLSCR1,PYGL,RNASE2,TLR5,OASL,ADAM9,VNN1,FLOT1,IFI44,GJB6,IFI44L,IRAK3,TLR8,PLAC8,RAB20,NLRC4,RTP4,IFIH1,DDX60L,CARD16,GBP5,LRG1,CMPK2,APOBEC3A,CLEC4D"
"GO:BP","response to stimulus","GO:0050896","false","0.00016827926550899174","3.773969392222477","8976","133","87","21031","ADCY3,AQP9,ARG1,BST1,KLF5,CD63,CCR1,CYP1B1,DACH1,EGF,EPAS1,ACSL1,GCLM,GPR27,GRB10,HGF,HHEX,IFIT2,IFIT1,IFIT3,IL1R1,MDK,MYO10,OSM,PLSCR1,SRGN,PROS1,PYGL,RNASE2,SCN5A,ST3GAL4,TGFA,TLR5,UPP1,IL1R2,DYRK3,OASL,TNFSF10,ADAM9,IL18R1,HCAR3,VNN1,PKD2L1,CCRL2,KL,ABCG2,NAMPT,FLOT1,SEMA6B,IFI44,TNFSF13B,GJB6,HPSE,UTS2,IFI44L,RAB32,IRAK3,MMRN1,DAAM2,CARD10,G0S2,SH3GLB1,TLR8,PLAC8,MAP3K20,GPR84,ACER3,RAB20,MCTP2,PDGFC,SIPA1L2,NLRC4,PROK2,RTP4,IFIH1,NABP1,DDX60L,CARD16,GBP5,LRG1,CMPK2,TRIM71,APOBEC3A,MSRB3,RGL4,CLEC4D,LRRC70"
"GO:BP","response to external biotic stimulus","GO:0043207","false","0.00017279341248950346","3.7624728184195777","1551","133","29","21031","ARG1,IFIT2,IFIT1,IFIT3,PLSCR1,PYGL,RNASE2,TLR5,OASL,ADAM9,VNN1,FLOT1,IFI44,GJB6,IFI44L,IRAK3,TLR8,PLAC8,RAB20,NLRC4,RTP4,IFIH1,DDX60L,CARD16,GBP5,LRG1,CMPK2,APOBEC3A,CLEC4D"
"GO:BP","response to stress","GO:0006950","false","0.0002174218438100445","3.6626968256149466","3855","133","50","21031","AQP9,ARG1,BST1,CCR1,CYP1B1,EPAS1,GCLM,HGF,IFIT2,IFIT1,IFIT3,IL1R1,MDK,OSM,PLSCR1,PROS1,RNASE2,ST3GAL4,TLR5,UPP1,IL1R2,DYRK3,OASL,ADAM9,IL18R1,VNN1,CCRL2,FLOT1,HPSE,IFI44L,IRAK3,MMRN1,SH3GLB1,TLR8,PLAC8,MAP3K20,ACER3,RAB20,NLRC4,PROK2,RTP4,IFIH1,NABP1,DDX60L,CARD16,GBP5,LRG1,APOBEC3A,MSRB3,CLEC4D"
"GO:BP","biological process involved in interspecies interaction between organisms","GO:0044419","false","0.0004728566541808861","3.325270495062278","1724","133","30","21031","ARG1,STOM,IFIT2,IFIT1,IFIT3,PLSCR1,PYGL,RNASE2,TLR5,OASL,ADAM9,VNN1,FLOT1,IFI44,GJB6,IFI44L,IRAK3,TLR8,PLAC8,RAB20,NLRC4,RTP4,IFIH1,DDX60L,CARD16,GBP5,LRG1,CMPK2,APOBEC3A,CLEC4D"
"GO:BP","regulation of cytokine production","GO:0001817","false","0.0007151969321520607","3.14557435712082","773","133","19","21031","ARG1,CYP1B1,SERPINB1,HGF,IL1R1,MDK,OSM,SRGN,TLR5,IL1R2,IL18R1,FLOT1,HPSE,IRAK3,TLR8,NLRC4,IFIH1,CARD16,GBP5"
"GO:BP","cytokine production","GO:0001816","false","0.000803916103976352","3.0947892715018614","779","133","19","21031","ARG1,CYP1B1,SERPINB1,HGF,IL1R1,MDK,OSM,SRGN,TLR5,IL1R2,IL18R1,FLOT1,HPSE,IRAK3,TLR8,NLRC4,IFIH1,CARD16,GBP5"
"GO:BP","regulation of response to external stimulus","GO:0032101","false","0.0018395174954387878","2.735296077288472","1077","133","22","21031","ARG1,BST1,CCR1,HGF,IL1R1,MDK,OSM,PLSCR1,PROS1,ST3GAL4,TLR5,OASL,FLOT1,SEMA6B,HPSE,IRAK3,MMRN1,TLR8,NLRC4,IFIH1,CARD16,GBP5"
"GO:BP","positive regulation of signal transduction","GO:0009967","false","0.0023858139694079455","2.622363422865735","1561","133","27","21031","CD63,CCR1,CYP1B1,EGF,GPR27,GRB10,HGF,HHEX,IL1R1,OSM,TGFA,OASL,TNFSF10,ADAM9,IL18R1,VNN1,KL,FLOT1,HPSE,DAAM2,G0S2,MAP3K20,PDGFC,CARD16,GBP5,LRG1,CLEC4D"
"GO:BP","cellular response to cytokine stimulus","GO:0071345","false","0.00243558518384237","2.613396676510713","839","133","19","21031","ARG1,KLF5,CCR1,CYP1B1,ACSL1,GCLM,IFIT1,IL1R1,OSM,IL1R2,OASL,IL18R1,CCRL2,TNFSF13B,IRAK3,RAB20,IFIH1,CARD16,GBP5"
"GO:BP","positive regulation of cytokine production","GO:0001819","false","0.004846950328958222","2.3145314308590206","490","133","14","21031","CYP1B1,HGF,IL1R1,MDK,OSM,TLR5,IL18R1,FLOT1,HPSE,IRAK3,TLR8,NLRC4,IFIH1,GBP5"
"GO:BP","regulation of response to stimulus","GO:0048583","false","0.007361576254879624","2.133029184914883","3939","133","47","21031","ARG1,BST1,CD63,CCR1,CYP1B1,EGF,GCLM,GPR27,GRB10,HGF,HHEX,IL1R1,MDK,OSM,PLSCR1,PROS1,SCN5A,ST3GAL4,TGFA,TLR5,IL1R2,DYRK3,OASL,TNFSF10,ADAM9,IL18R1,VNN1,KL,FLOT1,SEMA6B,TNFSF13B,HPSE,IRAK3,MMRN1,DAAM2,G0S2,TLR8,MAP3K20,PDGFC,SIPA1L2,NLRC4,IFIH1,CARD16,GBP5,LRG1,CLEC4D,LRRC70"
"GO:BP","cellular response to organic substance","GO:0071310","false","0.00765705117903254","2.115938450111607","1971","133","30","21031","ADCY3,AQP9,ARG1,KLF5,CCR1,CYP1B1,ACSL1,GCLM,GPR27,GRB10,IFIT1,IL1R1,OSM,TLR5,IL1R2,OASL,ADAM9,IL18R1,CCRL2,FLOT1,TNFSF13B,GJB6,IRAK3,RAB20,PDGFC,IFIH1,CARD16,GBP5,CMPK2,TRIM71"
"GO:BP","inflammatory response","GO:0006954","false","0.008498995123286023","2.070632419957521","829","133","18","21031","BST1,CCR1,HGF,IL1R1,MDK,OSM,PLSCR1,TLR5,IL1R2,IL18R1,VNN1,CCRL2,TLR8,ACER3,NLRC4,PROK2,CARD16,GBP5"
"GO:BP","immune response","GO:0006955","false","0.009095084555385536","2.0411932590230757","1988","133","30","21031","ARG1,BST1,CCR1,IFIT2,IFIT1,IFIT3,IL1R1,MDK,OSM,PLSCR1,RNASE2,TLR5,IL1R2,OASL,TNFSF10,IL18R1,VNN1,CCRL2,FLOT1,IFI44,TNFSF13B,IFI44L,IRAK3,TLR8,RAB20,NLRC4,IFIH1,GBP5,APOBEC3A,CLEC4D"
"GO:BP","immune system process","GO:0002376","false","0.010090338621329568","1.9960942590448294","2776","133","37","21031","ARG1,BST1,CCR1,EPAS1,HHEX,IFIT2,IFIT1,IFIT3,IL1R1,MDK,OSM,PLSCR1,RNASE2,ST3GAL4,TLR5,IL1R2,DYRK3,OASL,TNFSF10,ADAM9,IL18R1,VNN1,CCRL2,FLOT1,IFI44,TNFSF13B,IFI44L,RAB32,IRAK3,SLC40A1,TLR8,RAB20,NLRC4,IFIH1,GBP5,APOBEC3A,CLEC4D"
"GO:BP","cell communication","GO:0007154","false","0.010196984471664361","1.9915282420560712","6537","133","66","21031","ADCY3,ARG1,BST1,KLF5,CD63,CCR1,CYP1B1,EGF,EPAS1,ACSL1,GCLM,GPR27,GRB10,HGF,HHEX,IL1R1,MDK,MYO10,OSM,PLSCR1,SRGN,SCN5A,TGFA,TLR5,UPP1,IL1R2,DYRK3,OASL,STX11,TNFSF10,ADAM9,IL18R1,LIN7A,HCAR3,VNN1,PKD2L1,CCRL2,KL,NAMPT,FLOT1,SEMA6B,TNFSF13B,GJB6,HPSE,UTS2,IRAK3,DAAM2,CARD10,G0S2,SH3GLB1,TLR8,MAP3K20,GPR84,MCTP2,PDGFC,SIPA1L2,NLRC4,PROK2,IFIH1,NABP1,CARD16,GBP5,LRG1,TRIM71,RGL4,CLEC4D"
"GO:BP","defense response to symbiont","GO:0140546","false","0.011480826443284783","1.940026848276066","1113","133","21","21031","ARG1,IFIT2,IFIT1,IFIT3,PLSCR1,RNASE2,TLR5,OASL,VNN1,FLOT1,IFI44L,IRAK3,TLR8,RAB20,NLRC4,RTP4,IFIH1,DDX60L,GBP5,APOBEC3A,CLEC4D"
"GO:BP","cellular response to chemical stimulus","GO:0070887","false","0.012147354460625308","1.9155182955846493","2683","133","36","21031","ADCY3,AQP9,ARG1,BST1,KLF5,CCR1,CYP1B1,EPAS1,ACSL1,GCLM,GPR27,GRB10,HGF,IFIT1,IL1R1,MDK,OSM,SCN5A,TLR5,IL1R2,OASL,ADAM9,IL18R1,CCRL2,ABCG2,FLOT1,TNFSF13B,GJB6,IRAK3,RAB20,PDGFC,IFIH1,CARD16,GBP5,CMPK2,TRIM71"
"GO:BP","defense response to other organism","GO:0098542","false","0.013813815953999227","1.8596863345391537","1220","133","22","21031","ARG1,IFIT2,IFIT1,IFIT3,PLSCR1,RNASE2,TLR5,OASL,VNN1,FLOT1,IFI44L,IRAK3,TLR8,PLAC8,RAB20,NLRC4,RTP4,IFIH1,DDX60L,GBP5,APOBEC3A,CLEC4D"
"GO:BP","response to chemical","GO:0042221","false","0.02007892560875887","1.6972595293094273","3957","133","46","21031","ADCY3,AQP9,ARG1,BST1,KLF5,CCR1,CYP1B1,EPAS1,ACSL1,GCLM,GPR27,GRB10,HGF,IFIT1,IL1R1,MDK,OSM,PLSCR1,RNASE2,SCN5A,TLR5,IL1R2,OASL,TNFSF10,ADAM9,IL18R1,PKD2L1,CCRL2,KL,ABCG2,FLOT1,SEMA6B,TNFSF13B,GJB6,HPSE,IRAK3,RAB20,PDGFC,PROK2,RTP4,IFIH1,CARD16,GBP5,CMPK2,TRIM71,LRRC70"
"GO:BP","response to organic substance","GO:0010033","false","0.021612242341984122","1.6653001712829272","2637","133","35","21031","ADCY3,AQP9,ARG1,KLF5,CCR1,CYP1B1,ACSL1,GCLM,GPR27,GRB10,IFIT1,IL1R1,OSM,PLSCR1,TLR5,IL1R2,OASL,TNFSF10,ADAM9,IL18R1,CCRL2,KL,FLOT1,TNFSF13B,GJB6,HPSE,IRAK3,RAB20,PDGFC,IFIH1,CARD16,GBP5,CMPK2,TRIM71,LRRC70"
"GO:BP","positive regulation of biological process","GO:0048518","false","0.022197283806390924","1.6537001651919945","6250","133","63","21031","ARG1,BST1,KLF5,CD63,CCR1,CYP1B1,EGF,EPAS1,STOM,ACSL1,GPR27,GRB10,HGF,HHEX,IFIT2,IFIT1,IL1R1,MDK,MYO10,OSM,PLSCR1,SCN5A,ST3GAL4,TGFA,TLR5,DYRK3,OASL,TNFSF10,ADAM9,IL18R1,VNN1,NAT8,KL,CREB5,NAMPT,FLOT1,SEMA6B,TNFSF13B,HPSE,IRAK3,MMRN1,DAAM2,DDAH2,FBXL5,CARD10,SLC40A1,G0S2,SH3GLB1,TLR8,PLAC8,MAP3K20,ACER3,PDGFC,NLRC4,PROK2,IFIH1,CARD16,GBP5,LRG1,TRIM71,CLEC4D,HSD17B13,LRRC70"
"GO:BP","positive regulation of cell communication","GO:0010647","false","0.02644354808074042","1.5776802735243003","1777","133","27","21031","CD63,CCR1,CYP1B1,EGF,GPR27,GRB10,HGF,HHEX,IL1R1,OSM,TGFA,OASL,TNFSF10,ADAM9,IL18R1,VNN1,KL,FLOT1,HPSE,DAAM2,G0S2,MAP3K20,PDGFC,CARD16,GBP5,LRG1,CLEC4D"
"GO:BP","positive regulation of signaling","GO:0023056","false","0.026711750989604613","1.5732976424841107","1778","133","27","21031","CD63,CCR1,CYP1B1,EGF,GPR27,GRB10,HGF,HHEX,IL1R1,OSM,TGFA,OASL,TNFSF10,ADAM9,IL18R1,VNN1,KL,FLOT1,HPSE,DAAM2,G0S2,MAP3K20,PDGFC,CARD16,GBP5,LRG1,CLEC4D"
"GO:BP","cytokine-mediated signaling pathway","GO:0019221","false","0.029850163341411124","1.525053288049539","499","133","13","21031","ARG1,CCR1,ACSL1,IL1R1,OSM,IL1R2,OASL,IL18R1,CCRL2,TNFSF13B,IRAK3,IFIH1,CARD16"
"GO:BP","signaling","GO:0023052","false","0.03005948829306687","1.5220184167427546","6447","133","64","21031","ADCY3,ARG1,BST1,KLF5,CD63,CCR1,CYP1B1,EGF,EPAS1,ACSL1,GCLM,GPR27,GRB10,HGF,HHEX,IL1R1,MDK,MYO10,OSM,PLSCR1,SRGN,SCN5A,TGFA,TLR5,IL1R2,DYRK3,OASL,STX11,TNFSF10,ADAM9,IL18R1,LIN7A,HCAR3,VNN1,PKD2L1,CCRL2,KL,NAMPT,FLOT1,SEMA6B,TNFSF13B,GJB6,HPSE,UTS2,IRAK3,DAAM2,CARD10,G0S2,TLR8,MAP3K20,GPR84,MCTP2,PDGFC,SIPA1L2,NLRC4,PROK2,IFIH1,NABP1,CARD16,GBP5,LRG1,TRIM71,RGL4,CLEC4D"
"GO:BP","cell surface receptor signaling pathway","GO:0007166","false","0.03128942698654654","1.5046023901570849","2799","133","36","21031","ARG1,BST1,CD63,CCR1,CYP1B1,EGF,ACSL1,GCLM,GRB10,HGF,HHEX,IL1R1,MDK,OSM,PLSCR1,TGFA,TLR5,IL1R2,OASL,TNFSF10,ADAM9,IL18R1,PKD2L1,CCRL2,KL,SEMA6B,TNFSF13B,IRAK3,DAAM2,G0S2,PDGFC,IFIH1,CARD16,LRG1,TRIM71,CLEC4D"
"GO:BP","negative regulation of viral genome replication","GO:0045071","true","0.04365006500241689","1.360015105219123","55","133","5","21031","IFIT1,PLSCR1,OASL,IFIH1,APOBEC3A"
"GO:BP","cellular response to stimulus","GO:0051716","false","0.044890153541453315","1.34784890914297","7394","133","70","21031","ADCY3,AQP9,ARG1,BST1,KLF5,CD63,CCR1,CYP1B1,EGF,EPAS1,ACSL1,GCLM,GPR27,GRB10,HGF,HHEX,IFIT1,IL1R1,MDK,MYO10,OSM,PLSCR1,SRGN,SCN5A,TGFA,TLR5,UPP1,IL1R2,DYRK3,OASL,TNFSF10,ADAM9,IL18R1,HCAR3,VNN1,PKD2L1,CCRL2,KL,ABCG2,NAMPT,FLOT1,SEMA6B,TNFSF13B,GJB6,HPSE,UTS2,RAB32,IRAK3,DAAM2,CARD10,G0S2,SH3GLB1,TLR8,MAP3K20,GPR84,RAB20,MCTP2,PDGFC,SIPA1L2,NLRC4,PROK2,IFIH1,NABP1,CARD16,GBP5,LRG1,CMPK2,TRIM71,RGL4,CLEC4D"
"GO:BP","regulation of defense response","GO:0031347","false","0.04929172191163238","1.307226010336687","768","133","16","21031","ARG1,BST1,HGF,IL1R1,MDK,OSM,PLSCR1,TLR5,OASL,FLOT1,IRAK3,TLR8,NLRC4,IFIH1,CARD16,GBP5"
"GO:CC","secretory vesicle","GO:0099503","true","5.6493585478869434e-8","7.248000861017381","1069","141","28","22097","ARG1,BST1,CD63,EGF,SERPINB1,STOM,FOLR3,HGF,HK3,SRGN,PROS1,PYGL,RNASE2,SLC2A3,STX11,VNN1,MGAM,HPSE,CKAP4,MMRN1,QPCT,GCA,SLC40A1,PLAC8,GPR84,MCTP2,LRG1,CLEC4D"
"GO:CC","secretory granule lumen","GO:0034774","false","8.988095745611398e-8","7.046332309910094","320","141","16","22097","ARG1,EGF,SERPINB1,FOLR3,HGF,HK3,SRGN,PROS1,PYGL,RNASE2,HPSE,MMRN1,QPCT,GCA,PLAC8,LRG1"
"GO:CC","cytoplasmic vesicle lumen","GO:0060205","false","1.0305371262964166e-7","6.986936357640008","323","141","16","22097","ARG1,EGF,SERPINB1,FOLR3,HGF,HK3,SRGN,PROS1,PYGL,RNASE2,HPSE,MMRN1,QPCT,GCA,PLAC8,LRG1"
"GO:CC","vesicle lumen","GO:0031983","false","1.0782560347176493e-7","6.967278102542325","324","141","16","22097","ARG1,EGF,SERPINB1,FOLR3,HGF,HK3,SRGN,PROS1,PYGL,RNASE2,HPSE,MMRN1,QPCT,GCA,PLAC8,LRG1"
"GO:CC","secretory granule","GO:0030141","false","1.7298089728675692e-7","6.76200185444935","896","141","25","22097","ARG1,BST1,CD63,EGF,SERPINB1,STOM,FOLR3,HGF,HK3,SRGN,PROS1,PYGL,RNASE2,SLC2A3,VNN1,MGAM,HPSE,CKAP4,MMRN1,QPCT,GCA,PLAC8,GPR84,LRG1,CLEC4D"
"GO:CC","specific granule","GO:0042581","false","0.0000021560893783337685","5.6663332399080275","158","141","11","22097","ARG1,BST1,STOM,FOLR3,SLC2A3,HPSE,CKAP4,QPCT,GPR84,LRG1,CLEC4D"
"GO:CC","vesicle","GO:0031982","false","0.000004755216337937199","5.322829720107198","4004","141","54","22097","ARG1,BST1,CD63,EGF,SERPINB1,STOM,FOLR3,HGF,HK3,HPR,CD82,PLSCR1,SRGN,PROS1,PYGL,RNASE2,SLC2A3,TGFA,AP3B2,STX11,TNFSF10,ADAM9,LIN7A,VNN1,MGAM,PKD2L1,KL,CREB5,NAMPT,FLOT1,HPSE,SMPDL3A,CKAP4,RAB32,MMRN1,DAAM2,DDAH2,QPCT,GCA,SLC40A1,SH3GLB1,TLR8,PLAC8,GPR84,RAB20,MCTP2,PDGFC,STEAP4,GBP5,LRG1,ANKRD9,MYL6B,RGL4,CLEC4D"
"GO:CC","cytoplasmic vesicle","GO:0031410","false","0.000010148870486786345","4.993582289637684","2513","141","40","22097","ARG1,BST1,CD63,EGF,SERPINB1,STOM,FOLR3,HGF,HK3,SRGN,PROS1,PYGL,RNASE2,SLC2A3,TGFA,AP3B2,STX11,VNN1,MGAM,PKD2L1,FLOT1,HPSE,CKAP4,RAB32,MMRN1,QPCT,GCA,SLC40A1,SH3GLB1,TLR8,PLAC8,GPR84,RAB20,MCTP2,STEAP4,GBP5,LRG1,ANKRD9,RGL4,CLEC4D"
"GO:CC","intracellular vesicle","GO:0097708","false","0.000010725583682477268","4.969579064347759","2518","141","40","22097","ARG1,BST1,CD63,EGF,SERPINB1,STOM,FOLR3,HGF,HK3,SRGN,PROS1,PYGL,RNASE2,SLC2A3,TGFA,AP3B2,STX11,VNN1,MGAM,PKD2L1,FLOT1,HPSE,CKAP4,RAB32,MMRN1,QPCT,GCA,SLC40A1,SH3GLB1,TLR8,PLAC8,GPR84,RAB20,MCTP2,STEAP4,GBP5,LRG1,ANKRD9,RGL4,CLEC4D"
"GO:CC","endomembrane system","GO:0012505","false","0.00004829246901205849","4.316120590190842","4777","141","58","22097","ADCY3,ARG1,BST1,KLF5,CD63,CYP1B1,DACH1,EGF,SERPINB1,STOM,ACSL1,FOLR3,HGF,HK3,IFIT2,PLSCR1,SRGN,PROS1,PYGL,RNASE2,SCN5A,ST3GAL4,SLC2A3,TGFA,XK,AP3B2,STX11,VNN1,MGAM,NAT8,PKD2L1,FLOT1,HPSE,CKAP4,RAB32,MMRN1,WDFY3,QPCT,GCA,SLC40A1,SH3GLB1,TLR8,PLAC8,GPR84,ACER3,RAB20,MCTP2,PDGFC,PLSCR2,STEAP4,B3GNT5,GBP5,LRG1,RMDN2,MSRB3,ST6GALNAC3,CLEC4D,HSD17B13"
"GO:CC","bounding membrane of organelle","GO:0098588","true","0.0003129970803776709","3.5044597135135533","2203","141","34","22097","ADCY3,BST1,CD63,EGF,STOM,ACSL1,GK3,PROS1,ST3GAL4,SLC2A3,TGFA,AP3B2,VNN1,MGAM,NAT8,PKD2L1,FLOT1,HPSE,CKAP4,RAB32,WDFY3,SH3GLB1,TLR8,GPR84,ACER3,DRAM1,RAB20,MCTP2,PDGFC,STEAP4,B3GNT5,GBP5,ST6GALNAC3,CLEC4D"
"GO:CC","extracellular region","GO:0005576","false","0.0004945436713288106","3.305795351428426","4213","141","51","22097","ARG1,BST1,CD63,CSTA,EGF,SERPINB1,STOM,FOLR3,HGF,HK3,HPR,IL1R1,CD82,MDK,OSM,PLSCR1,SRGN,PROS1,PYGL,RNASE2,ST3GAL4,SLC2A3,TGFA,IL1R2,TNFSF10,ADAM9,LIN7A,VNN2,VNN1,MGAM,KL,CREB5,NAMPT,FLOT1,TNFSF13B,HPSE,UTS2,SMPDL3A,CKAP4,MMRN1,DAAM2,DDAH2,QPCT,GCA,PLAC8,PDGFC,PROK2,STEAP4,LRG1,MYL6B,FAM151B"
"GO:CC","cytoplasm","GO:0005737","false","0.0005415217908221263","3.266384062688901","12345","141","106","22097","ADCY3,ARG1,BST1,KLF5,CD63,CCR1,CSTA,CYP1B1,DACH1,EGF,SERPINB1,EPAS1,STOM,ACSL1,FOLR3,GK3,GCLM,GRB10,HGF,HHEX,HK3,IFIT2,IFIT1,IFIT3,MYO10,NDUFB3,PLSCR1,SRGN,PROS1,PYGL,RNASE2,SAT1,SCN5A,ST3GAL4,SLC2A3,SLC22A4,TGFA,UPP1,XK,IL1R2,AP3B2,DYRK3,OASL,STX11,VNN1,MGAM,NAT8,PKD2L1,CCRL2,ABCG2,NAMPT,FLOT1,IFI44,TNFSF13B,HPSE,IFI44L,CKAP4,RAB32,IRAK3,MMRN1,WDFY3,DDAH2,QPCT,GCA,SPATS2L,FBXL5,CARD10,SLC40A1,G0S2,SH3GLB1,TLR8,PLAC8,MAP3K20,GPR84,ACER3,DRAM1,RAB20,MCTP2,PDGFC,PLSCR2,SIPA1L2,NLRC4,RTP4,IFIH1,NABP1,PPP1R3B,STEAP4,LONRF3,B3GNT5,DDX60L,CARD16,GBP5,LRG1,ANKRD9,CMPK2,TRIM71,MYL6B,RMDN2,APOBEC3A,ZNF438,MSRB3,ST6GALNAC3,RGL4,HYCC2,CLEC4D,HSD17B13"
"GO:CC","primary lysosome","GO:0005766","false","0.0024848437464264363","2.6047009156623764","154","141","8","22097","ARG1,CD63,STOM,RNASE2,VNN1,CKAP4,GCA,PLAC8"
"GO:CC","azurophil granule","GO:0042582","false","0.0024848437464264363","2.6047009156623764","154","141","8","22097","ARG1,CD63,STOM,RNASE2,VNN1,CKAP4,GCA,PLAC8"
"GO:CC","tertiary granule","GO:0070820","false","0.0037693123447762288","2.4237378731653334","163","141","8","22097","STOM,FOLR3,SLC2A3,MGAM,QPCT,GPR84,LRG1,CLEC4D"
"GO:CC","cell periphery","GO:0071944","true","0.007559468924240569","2.1215087139397064","6228","141","63","22097","ADCY3,AQP9,BST1,CD63,CCR1,CSTA,EGF,SERPINB1,EMP1,STOM,FOLR3,GPR27,GRB10,IL1R1,CD82,MDK,MYO10,PLSCR1,PROS1,SCN5A,SLC2A3,SLC22A4,TGFA,TLR5,XK,IL1R2,STX11,TNFSF10,ADAM9,IL18R1,LIN7A,HCAR3,VNN2,VNN1,MGAM,PKD2L1,CCRL2,KL,ABCG2,FLOT1,SEMA6B,TNFSF13B,GJB6,HPSE,CKAP4,IRAK3,MMRN1,WDFY3,GCA,SLC40A1,TLR8,GPR84,PDGFC,PLSCR2,NLRC4,STEAP4,SLC26A8,SLC44A3,RGL4,HYCC2,CLEC4D,TMEM240,LRRC70"
"GO:CC","extracellular exosome","GO:0070062","false","0.00800497133896994","2.096640218691525","2109","141","30","22097","BST1,CD63,EGF,SERPINB1,STOM,HPR,CD82,PLSCR1,PROS1,PYGL,RNASE2,SLC2A3,TNFSF10,ADAM9,LIN7A,MGAM,KL,CREB5,NAMPT,FLOT1,SMPDL3A,CKAP4,DAAM2,DDAH2,QPCT,GCA,PDGFC,STEAP4,LRG1,MYL6B"
"GO:CC","specific granule membrane","GO:0035579","false","0.009008393206256356","2.0453526656121306","90","141","6","22097","BST1,STOM,SLC2A3,CKAP4,GPR84,CLEC4D"
"GO:CC","extracellular vesicle","GO:1903561","false","0.009927493918403448","2.0031603703134","2133","141","30","22097","BST1,CD63,EGF,SERPINB1,STOM,HPR,CD82,PLSCR1,PROS1,PYGL,RNASE2,SLC2A3,TNFSF10,ADAM9,LIN7A,MGAM,KL,CREB5,NAMPT,FLOT1,SMPDL3A,CKAP4,DAAM2,DDAH2,QPCT,GCA,PDGFC,STEAP4,LRG1,MYL6B"
"GO:CC","extracellular membrane-bounded organelle","GO:0065010","false","0.010016064628520881","1.9993028818453629","2134","141","30","22097","BST1,CD63,EGF,SERPINB1,STOM,HPR,CD82,PLSCR1,PROS1,PYGL,RNASE2,SLC2A3,TNFSF10,ADAM9,LIN7A,MGAM,KL,CREB5,NAMPT,FLOT1,SMPDL3A,CKAP4,DAAM2,DDAH2,QPCT,GCA,PDGFC,STEAP4,LRG1,MYL6B"
"GO:CC","extracellular organelle","GO:0043230","false","0.010016064628520881","1.9993028818453629","2134","141","30","22097","BST1,CD63,EGF,SERPINB1,STOM,HPR,CD82,PLSCR1,PROS1,PYGL,RNASE2,SLC2A3,TNFSF10,ADAM9,LIN7A,MGAM,KL,CREB5,NAMPT,FLOT1,SMPDL3A,CKAP4,DAAM2,DDAH2,QPCT,GCA,PDGFC,STEAP4,LRG1,MYL6B"
"GO:CC","plasma membrane","GO:0005886","false","0.010708423182349137","1.970274474417535","5742","141","59","22097","ADCY3,AQP9,BST1,CD63,CCR1,CSTA,EGF,EMP1,STOM,FOLR3,GPR27,GRB10,IL1R1,CD82,MYO10,PLSCR1,PROS1,SCN5A,SLC2A3,SLC22A4,TGFA,TLR5,XK,IL1R2,STX11,TNFSF10,ADAM9,IL18R1,LIN7A,HCAR3,VNN2,VNN1,MGAM,PKD2L1,CCRL2,KL,ABCG2,FLOT1,SEMA6B,TNFSF13B,GJB6,CKAP4,IRAK3,WDFY3,GCA,SLC40A1,TLR8,GPR84,PDGFC,PLSCR2,NLRC4,STEAP4,SLC26A8,SLC44A3,RGL4,HYCC2,CLEC4D,TMEM240,LRRC70"
"GO:CC","extracellular space","GO:0005615","false","0.011310151797869473","1.9465315662032208","3303","141","40","22097","ARG1,BST1,CD63,CSTA,EGF,SERPINB1,STOM,HGF,HPR,CD82,OSM,PLSCR1,SRGN,PROS1,PYGL,RNASE2,SLC2A3,TGFA,TNFSF10,ADAM9,LIN7A,MGAM,KL,CREB5,NAMPT,FLOT1,TNFSF13B,HPSE,UTS2,SMPDL3A,CKAP4,DAAM2,DDAH2,QPCT,GCA,PDGFC,STEAP4,LRG1,MYL6B,FAM151B"
"GO:CC","vacuole","GO:0005773","false","0.012205894575748905","1.9134303854336807","855","141","17","22097","ARG1,CD63,EGF,SERPINB1,STOM,SRGN,RNASE2,VNN1,FLOT1,HPSE,CKAP4,WDFY3,GCA,SH3GLB1,TLR8,PLAC8,DRAM1"
"GO:CC","specific granule lumen","GO:0035580","false","0.016288512737709832","1.788118568195668","61","141","5","22097","ARG1,FOLR3,HPSE,QPCT,LRG1"
"GO:CC","platelet alpha granule lumen","GO:0031093","false","0.02385175911668538","1.6224795853242264","66","141","5","22097","EGF,HGF,SRGN,PROS1,MMRN1"
"GO:CC","tertiary granule membrane","GO:0070821","false","0.03621538884164131","1.4411068474542201","72","141","5","22097","STOM,SLC2A3,MGAM,GPR84,CLEC4D"
"GO:CC","lysosome","GO:0005764","false","0.040742037640170065","1.3899572543306424","762","141","15","22097","ARG1,CD63,EGF,SERPINB1,STOM,SRGN,RNASE2,VNN1,FLOT1,HPSE,CKAP4,GCA,TLR8,PLAC8,DRAM1"
"GO:CC","lytic vacuole","GO:0000323","false","0.040742037640170065","1.3899572543306424","762","141","15","22097","ARG1,CD63,EGF,SERPINB1,STOM,SRGN,RNASE2,VNN1,FLOT1,HPSE,CKAP4,GCA,TLR8,PLAC8,DRAM1"
"REAC","Neutrophil degranulation","REAC:R-HSA-6798695","false","0.0000012767189686360726","5.893904689112836","476","94","20","10842","ARG1,BST1,CD63,SERPINB1,STOM,FOLR3,HK3,PYGL,RNASE2,SLC2A3,VNN1,MGAM,HPSE,CKAP4,QPCT,GCA,PLAC8,GPR84,LRG1,CLEC4D"
"REAC","Immune System","REAC:R-HSA-168256","false","0.000003590674153438713","5.444824004449073","2052","94","42","10842","ARG1,BST1,CD63,CCR1,SERPINB1,STOM,FOLR3,GRB10,HGF,HK3,IFIT2,IFIT1,IFIT3,IL1R1,MYO10,OSM,PROS1,PYGL,RNASE2,SLC2A3,TLR5,IL1R2,OASL,IL18R1,VNN1,MGAM,TNFSF13B,HPSE,CKAP4,IRAK3,QPCT,GCA,FBXL5,TLR8,PLAC8,GPR84,NLRC4,IFIH1,GBP5,LRG1,TRIM71,CLEC4D"
"REAC","Innate Immune System","REAC:R-HSA-168249","false","0.0001512072201914136","3.820427470644184","1101","94","27","10842","ARG1,BST1,CD63,SERPINB1,STOM,FOLR3,HK3,MYO10,PROS1,PYGL,RNASE2,SLC2A3,TLR5,VNN1,MGAM,HPSE,CKAP4,IRAK3,QPCT,GCA,TLR8,PLAC8,GPR84,NLRC4,IFIH1,LRG1,CLEC4D"
"TF","Factor: IRF; motif: NNGAAANTGAAANN; match class: 1","TF:M08887_1","false","0.0038724748452017926","2.41201139464701","79","141","7","20045","IFIT2,IFIT1,IFIT3,TNFSF13B,IFI44L,RTP4,EPSTI1"
"TF","Factor: STAT2; motif: NRGAAANNGAAACTNA; match class: 1","TF:M09733_1","false","0.032428194705547864","1.4890772280535776","368","141","12","20045","IFIT2,IFIT1,IFIT3,TNFSF10,IFI44L,MCTP2,NLRC4,RTP4,IFIH1,DDX60L,EPSTI1,LRRC70"
"TF","Factor: POU6F1; motif: NNNNWTAATGAGSTNNN","TF:M01479","false","0.04927109016286541","1.3074078285008361","4406","141","53","20045","ARG1,KLF5,EMP1,GCLM,HGF,HPR,IL1R1,MYO10,NDUFB3,PYGL,TLR5,UPP1,XK,IL1R2,AP3B2,STX11,IL18R1,HCAR3,VNN1,MGAM,NAMPT,FLOT1,IFI44,HPSE,IRAK3,DAAM2,QPCT,SLC40A1,G0S2,TLR8,PLAC8,RAB20,MCTP2,SIPA1L2,IFIH1,NABP1,PPP1R3B,B3GNT5,CARD6,DDX60L,CARD16,SLC26A8,CMPK2,MYL6B,RMDN2,FAM151B,APOBEC3A,YPEL4,HYCC2,CLEC4D,HSD17B13,LRRC70,FAM47E-STBD1"
"TF","Factor: IRF5; motif: CCGAAACCGAAACY","TF:M04016","false","0.04953894685884904","1.3050532302542615","322","141","11","20045","IFIT1,IFI44,MMRN1,GPR84,RTP4,IFIH1,NABP1,DDX60L,EPSTI1,CARD16,SLC44A3"
"HP","Acute phase response","HP:0033331","false","0.01505325220559789","1.822369662039547","181","41","9","4958","IL1R1,SAT1,SLC22A4,STX11,KL,CARD10,SLC40A1,NLRC4,IFIH1"
